,trade_date,open,low,close,pre_close,change,high
0,20190522,894.98,880.0,888.0,895.0,-7.0,904.0
1,20190521,885.0,872.02,895.0,884.96,10.04,910.0
2,20190520,900.0,871.0,884.96,906.79,-21.83,900.0
3,20190517,927.02,900.1,906.79,929.91,-23.12,932.3
4,20190516,919.0,905.0,929.91,927.0,2.91,932.0
5,20190515,890.24,890.24,927.0,886.57,40.43,933.0
6,20190514,885.0,873.0,886.57,892.0,-5.43,906.0
7,20190513,898.86,884.0,892.0,907.12,-15.12,910.98
8,20190510,875.66,868.19,907.12,858.81,48.31,910.78
9,20190509,875.0,842.5,858.81,884.4,-25.59,879.87
10,20190508,860.0,860.0,884.4,890.0,-5.6,901.8
11,20190507,893.28,870.22,890.0,906.0,-16.0,913.94
12,20190506,925.5,893.0,906.0,974.0,-68.0,935.0
13,20190430,968.0,963.11,974.0,971.97,2.03,984.96
14,20190429,945.0,935.0,971.97,945.0,26.97,989.0
15,20190426,946.3,945.0,945.0,952.37,-7.37,959.88
16,20190425,968.79,951.22,952.37,970.0,-17.63,973.99
17,20190424,979.88,951.22,970.0,974.95,-4.95,990.0
18,20190423,951.0,949.2,974.95,949.2,25.75,981.22
19,20190422,959.5,940.61,949.2,952.56,-3.36,978.89
20,20190419,943.96,931.31,952.56,945.5,7.06,960.95
21,20190418,945.41,936.22,945.5,952.0,-6.5,954.68
22,20190417,938.0,925.0,952.0,939.9,12.1,955.51
23,20190416,904.9,901.22,939.9,907.0,32.9,939.9
24,20190415,931.0,907.0,907.0,914.0,-7.0,939.0
25,20190412,909.0,900.01,914.0,925.2,-11.2,919.99
26,20190411,948.0,905.55,925.2,947.99,-22.79,950.0
27,20190410,903.0,900.0,947.99,905.0,42.99,951.9
28,20190409,903.0,892.51,905.0,900.2,4.8,908.2
29,20190408,900.0,890.12,900.2,865.0,35.2,908.0
30,20190404,840.0,836.2,865.0,844.5,20.5,865.8
31,20190403,840.12,834.21,844.5,850.0,-5.5,851.74
32,20190402,859.99,836.06,850.0,859.0,-9.0,859.99
33,20190401,860.0,851.0,859.0,853.99,5.01,868.95
34,20190329,835.0,830.17,853.99,806.8,47.19,866.68
35,20190328,793.43,785.68,806.8,788.5,18.3,814.48
36,20190327,781.0,775.0,788.5,773.0,15.5,793.88
37,20190326,780.0,764.1,773.0,775.6,-2.6,785.94
38,20190325,786.0,773.3,775.6,794.0,-18.4,788.0
39,20190322,788.22,785.0,794.0,785.75,8.25,799.98
40,20190321,788.0,781.5,785.75,792.8,-7.05,792.8
41,20190320,790.0,785.0,792.8,792.61,0.19,802.3
42,20190319,803.0,792.3,792.61,810.09,-17.48,807.92
43,20190318,778.8,777.0,810.09,777.3,32.79,814.53
44,20190315,776.0,764.85,777.3,778.0,-0.7,787.5
45,20190314,757.0,754.0,778.0,754.0,24.0,785.0
46,20190313,745.5,745.5,754.0,745.01,8.99,760.75
47,20190312,763.82,739.0,745.01,758.54,-13.53,763.83
48,20190311,740.04,740.04,758.54,737.5,21.04,766.95
49,20190308,737.9,733.65,737.5,748.6,-11.1,746.83
50,20190307,762.22,745.56,748.6,768.0,-19.4,762.22
51,20190306,775.0,765.88,768.0,779.78,-11.78,779.5
52,20190305,785.0,775.88,779.78,781.86,-2.08,789.55
53,20190304,795.0,777.22,781.86,789.3,-7.44,798.33
54,20190301,761.5,761.0,789.3,755.01,34.29,790.0
55,20190228,737.9,736.95,755.01,740.7,14.31,763.42
56,20190227,733.0,731.0,740.7,727.35,13.35,758.02
57,20190226,747.8,726.0,727.35,742.33,-14.98,749.18
58,20190225,730.75,717.99,742.33,726.01,16.32,744.44
59,20190222,717.0,714.1,726.01,720.25,5.76,728.49
60,20190221,720.0,717.0,720.25,722.0,-1.75,730.48
61,20190220,735.0,716.06,722.0,730.76,-8.76,735.0
62,20190219,740.96,726.66,730.76,740.0,-9.24,742.5
63,20190218,731.0,731.0,740.0,724.78,15.22,744.95
64,20190215,734.88,723.02,724.78,737.16,-12.38,734.88
65,20190214,731.2,730.14,737.16,735.25,1.91,743.66
66,20190213,723.0,717.22,735.25,717.92,17.33,736.16
67,20190212,723.0,715.2,717.92,725.3,-7.38,725.49
68,20190211,695.0,688.18,725.3,692.67,32.63,729.5
69,20190201,697.04,689.61,692.67,689.6,3.07,699.0
70,20190131,680.0,677.56,689.6,676.0,13.6,689.6
71,20190130,684.99,676.0,676.0,685.0,-9.0,686.22
72,20190129,677.5,668.0,685.0,677.0,8.0,688.0
73,20190128,684.0,676.03,677.0,679.7,-2.7,693.98
74,20190125,675.88,669.93,679.7,672.5,7.2,684.9
75,20190124,670.3,664.68,672.5,665.66,6.84,677.83
76,20190123,667.22,663.13,665.66,671.0,-5.34,674.5
77,20190122,686.0,665.22,671.0,686.98,-15.98,686.0
78,20190121,690.0,681.88,686.98,683.61,3.37,698.88
79,20190118,665.0,661.5,683.61,659.25,24.36,690.2
80,20190117,663.0,655.8,659.25,661.1,-1.85,669.7
81,20190116,658.0,653.6,661.1,659.98,1.12,665.65
82,20190115,627.86,625.0,659.98,624.6,35.38,661.5
83,20190114,633.0,621.55,624.6,635.88,-11.28,635.89
84,20190111,625.0,618.75,635.88,618.77,17.11,637.0
85,20190110,617.13,610.25,618.77,616.12,2.65,624.88
86,20190109,609.99,609.04,616.12,604.79,11.33,626.16
87,20190108,605.5,600.28,604.79,605.49,-0.7,612.0
88,20190107,608.0,602.22,605.49,602.0,3.49,612.0
89,20190104,587.28,582.02,602.0,590.0,12.0,607.67
90,20190103,599.97,585.8,590.0,598.98,-8.98,601.66
91,20190102,609.98,595.01,598.98,590.01,8.97,612.0
92,20181228,563.3,560.0,590.01,563.0,27.01,596.4
93,20181227,570.0,562.22,563.0,560.08,2.92,571.85
94,20181226,563.81,558.0,560.08,565.79,-5.71,568.4
95,20181225,562.22,553.61,565.79,568.0,-2.21,567.5
96,20181224,563.5,558.0,568.0,567.41,0.59,570.91
97,20181221,571.0,562.21,567.41,574.5,-7.09,573.45
98,20181220,576.22,568.89,574.5,577.8,-3.3,581.5
99,20181219,589.0,576.03,577.8,590.94,-13.14,590.99
100,20181218,585.88,585.0,590.94,590.52,0.42,591.54
101,20181217,592.57,585.01,590.52,592.96,-2.44,595.97
102,20181214,598.01,592.0,592.96,601.75,-8.79,599.8
103,20181213,590.0,589.6,601.75,589.0,12.75,606.88
104,20181212,588.79,582.8,589.0,582.99,6.01,589.2
105,20181211,577.0,577.0,582.99,577.23,5.76,586.55
106,20181210,576.0,574.18,577.23,587.0,-9.77,587.5
107,20181207,595.6,584.7,587.0,591.8,-4.8,598.86
108,20181206,600.0,590.36,591.8,610.1,-18.3,605.98
109,20181205,597.5,595.0,610.1,602.23,7.87,616.5
110,20181204,602.99,595.0,602.23,601.2,1.03,604.26
111,20181203,589.0,584.77,601.2,565.0,36.2,605.0
112,20181130,557.0,553.0,565.0,551.6,13.4,568.89
113,20181129,566.03,549.01,551.6,557.0,-5.4,569.8
114,20181128,550.85,545.5,557.0,548.1,8.9,559.19
115,20181127,552.0,546.5,548.1,552.11,-4.01,554.99
116,20181126,558.0,552.0,552.11,556.9,-4.79,560.2
117,20181123,564.0,556.9,556.9,564.5,-7.6,567.3
118,20181122,565.15,558.0,564.5,564.7,-0.2,567.33
119,20181121,554.0,553.68,564.7,561.6,3.1,568.9
120,20181120,565.0,560.0,561.6,569.02,-7.42,568.0
121,20181119,560.3,559.11,569.02,560.0,9.02,572.0
122,20181116,561.0,558.03,560.0,559.7,0.3,566.0
123,20181115,558.8,555.5,559.7,555.1,4.6,564.8
124,20181114,569.96,552.55,555.1,570.0,-14.9,569.96
125,20181113,546.12,543.0,570.0,552.0,18.0,570.0
126,20181112,553.0,536.8,552.0,562.0,-10.0,554.2
127,20181109,567.22,562.0,562.0,570.34,-8.34,569.0
128,20181108,574.0,568.0,570.34,566.4,3.94,577.0
129,20181107,569.0,562.01,566.4,566.0,0.4,574.95
130,20181106,574.0,558.01,566.0,575.8,-9.8,574.16
131,20181105,593.0,571.77,575.8,599.9,-24.1,593.0
132,20181102,585.0,572.24,599.9,563.0,36.9,600.0
133,20181101,555.0,551.25,563.0,548.9,14.1,585.5
134,20181031,527.0,522.0,548.9,524.0,24.9,555.0
135,20181030,510.0,509.02,524.0,549.09,-25.09,543.0
136,20181029,549.09,549.09,549.09,610.1,-61.01,549.09
137,20181026,619.0,607.98,610.1,619.0,-8.9,625.0
138,20181025,620.0,608.58,619.0,636.99,-17.99,622.5
139,20181024,628.11,620.0,636.99,641.74,-4.75,650.0
140,20181023,689.0,635.0,641.74,693.0,-51.26,689.0
141,20181022,675.0,675.0,693.0,670.0,23.0,702.02
142,20181019,638.0,635.08,670.0,645.94,24.06,675.0
143,20181018,660.0,644.97,645.94,665.72,-19.78,660.0
144,20181017,675.0,649.9,665.72,667.14,-1.42,677.3
145,20181016,665.98,662.01,667.14,666.9,0.24,679.53
146,20181015,669.49,660.03,666.9,668.0,-1.1,671.95
147,20181012,651.0,650.58,668.0,644.99,23.01,672.68
148,20181011,635.01,635.01,644.99,670.92,-25.93,668.94
149,20181010,697.26,669.69,670.92,695.0,-24.08,698.0
150,20181009,686.9,685.9,695.0,686.15,8.85,698.71
151,20181008,715.41,686.15,686.15,730.0,-43.85,719.0
152,20180928,726.7,718.88,730.0,724.0,6.0,733.2
153,20180927,727.5,715.4,724.0,724.93,-0.93,728.0
154,20180926,702.1,701.99,724.93,697.02,27.91,732.68
155,20180925,695.0,693.26,697.02,700.01,-2.99,705.77
156,20180921,682.0,680.01,700.01,678.55,21.46,700.01
157,20180920,685.2,677.36,678.55,681.42,-2.87,686.9
158,20180919,666.58,666.0,681.42,666.7,14.72,686.0
159,20180918,643.0,642.22,666.7,645.81,20.89,668.0
160,20180917,645.0,641.06,645.81,642.9,2.91,652.96
161,20180914,633.98,628.53,642.9,631.98,10.92,649.78
162,20180913,638.0,620.0,631.98,630.0,1.98,642.0
163,20180912,643.0,628.01,630.0,646.0,-16.0,644.87
164,20180911,645.57,640.63,646.0,644.8,1.2,650.97
165,20180910,652.2,640.7,644.8,650.97,-6.17,653.81
166,20180907,645.5,645.14,650.97,644.0,6.97,658.03
167,20180906,652.0,640.0,644.0,657.79,-13.79,659.26
168,20180905,675.0,657.0,657.79,675.04,-17.25,676.99
169,20180904,666.8,661.6,675.04,666.21,8.83,676.0
170,20180903,652.0,650.8,666.21,659.19,7.02,667.67
171,20180831,676.25,656.5,659.19,680.4,-21.21,677.0
172,20180830,688.21,679.01,680.4,685.85,-5.45,692.6
173,20180829,682.0,679.1,685.85,681.0,4.85,688.88
174,20180828,693.0,678.55,681.0,687.3,-6.3,693.78
175,20180827,662.0,662.0,687.3,660.3,27.0,687.3
176,20180824,669.0,656.46,660.3,670.21,-9.91,669.0
177,20180823,671.7,665.18,670.21,667.7,2.51,678.5
178,20180822,671.0,663.0,667.7,671.49,-3.79,673.2
179,20180821,647.0,647.0,671.49,644.79,26.7,672.3
180,20180820,632.45,616.86,644.79,634.86,9.93,645.55
181,20180817,657.5,630.01,634.86,648.44,-13.58,657.5
182,20180816,652.0,640.0,648.44,662.8,-14.36,668.5
183,20180815,679.8,661.0,662.8,680.13,-17.33,680.0
184,20180814,679.22,673.51,680.13,679.22,0.91,684.5
185,20180813,683.0,666.68,679.22,687.18,-7.96,683.0
186,20180810,691.88,684.2,687.18,691.88,-4.7,694.77
187,20180809,671.0,670.12,691.88,676.22,15.66,694.5
188,20180808,687.02,671.87,676.22,686.28,-10.06,689.0
189,20180807,672.3,662.02,686.28,669.68,16.6,687.83
190,20180806,677.0,662.25,669.68,678.99,-9.31,684.0
191,20180803,695.0,676.2,678.99,695.84,-16.85,695.0
192,20180802,715.97,687.88,695.84,714.94,-19.1,715.97
193,20180801,731.4,714.11,714.94,726.44,-11.5,732.3
194,20180731,720.3,719.21,726.44,719.21,7.23,727.88
195,20180730,738.9,715.0,719.21,738.56,-19.35,740.66
196,20180727,736.0,730.0,738.56,735.62,2.94,744.3
197,20180726,748.9,734.23,735.62,743.81,-8.19,748.9
198,20180725,746.95,740.01,743.81,745.4,-1.59,749.88
199,20180724,732.68,723.0,745.4,732.07,13.33,747.3
200,20180723,736.0,720.01,732.07,741.13,-9.06,741.15
201,20180720,741.5,728.0,741.13,740.95,0.18,743.13
202,20180719,739.0,735.02,740.95,737.44,3.51,743.95
203,20180718,742.43,735.0,737.44,742.43,-4.99,749.69
204,20180717,757.0,736.02,742.43,754.68,-12.25,757.0
205,20180716,752.3,751.03,754.68,746.99,7.69,764.11
206,20180713,742.3,735.12,746.99,737.54,9.45,748.1
207,20180712,718.0,718.0,737.54,719.58,17.96,741.17
208,20180711,710.0,702.22,719.58,725.76,-6.18,724.0
209,20180710,729.0,713.33,725.76,727.24,-1.48,731.5
210,20180709,720.03,719.73,727.24,714.12,13.12,729.86
211,20180706,707.0,699.26,714.12,702.39,11.73,720.93
212,20180705,700.0,700.0,702.39,690.91,11.48,716.2
213,20180704,692.0,688.0,690.91,694.92,-4.01,700.0
214,20180703,709.76,678.23,694.92,711.55,-16.63,715.78
215,20180702,734.52,703.0,711.55,731.46,-19.91,739.33
216,20180629,712.3,705.0,731.46,710.93,20.53,732.3
217,20180628,714.0,697.0,710.93,722.44,-11.51,719.0
218,20180627,752.0,721.0,722.44,754.8,-32.36,757.0
219,20180626,765.31,747.0,754.8,765.56,-10.76,769.88
220,20180625,766.0,764.9,765.56,766.53,-0.97,778.97
221,20180622,754.0,750.0,766.53,759.32,7.21,767.0
222,20180621,765.22,758.77,759.32,763.59,-4.27,778.89
223,20180620,741.0,741.0,763.59,738.0,25.59,765.0
224,20180619,769.0,737.0,738.0,773.33,-35.33,769.0
225,20180615,773.2,769.1,773.33,775.13,-1.8,778.58
226,20180614,790.0,775.18,786.13,790.33,-4.2,793.8
227,20180613,800.0,788.88,790.33,799.19,-8.86,802.62
228,20180612,778.0,776.5,799.19,775.73,23.46,803.5
229,20180611,776.05,768.33,775.73,777.95,-2.22,786.0
230,20180608,780.0,770.0,777.95,780.97,-3.02,785.9
231,20180607,789.98,778.9,780.97,785.75,-4.78,795.55
232,20180606,788.0,782.3,785.75,788.05,-2.3,800.95
233,20180605,786.5,777.23,788.05,781.97,6.08,794.7
234,20180604,752.35,745.88,781.97,745.11,36.86,782.9
235,20180601,751.13,738.76,745.11,751.13,-6.02,754.98
236,20180531,730.25,730.24,751.13,725.87,25.26,751.62
237,20180530,727.22,720.05,725.87,731.43,-5.56,737.3
238,20180529,738.8,731.28,731.43,740.4,-8.97,750.0
239,20180528,718.0,715.12,740.4,716.86,23.54,740.66
240,20180525,712.0,712.0,716.86,715.4,1.46,727.0
241,20180524,720.0,713.0,715.4,723.78,-8.38,728.66
242,20180523,740.0,723.58,723.78,739.57,-15.79,740.0
243,20180522,735.22,730.02,739.57,734.82,4.75,739.84
244,20180521,744.0,732.48,734.82,739.32,-4.5,747.3
245,20180518,723.99,721.19,739.32,727.38,11.94,741.0
246,20180517,735.12,724.0,727.38,734.52,-7.14,737.5
247,20180516,740.0,733.28,734.52,743.06,-8.54,745.66
248,20180515,746.0,734.0,743.06,742.41,0.65,746.44
249,20180514,724.0,724.0,742.41,718.02,24.39,743.0
250,20180511,718.69,715.7,718.02,714.19,3.83,730.5
251,20180510,703.5,703.5,714.19,701.95,12.24,716.0
252,20180509,709.08,697.12,701.95,708.83,-6.88,712.3
253,20180508,698.03,698.03,708.83,698.17,10.66,712.13
254,20180507,659.95,657.77,698.17,662.87,35.3,701.88
255,20180504,670.98,660.57,662.87,670.88,-8.01,674.83
256,20180503,666.0,658.0,670.88,667.83,3.05,673.68
257,20180502,660.0,645.06,667.83,662.53,5.3,668.99
258,20180427,685.25,655.0,662.53,678.23,-15.7,688.36
259,20180426,692.0,673.0,678.23,690.97,-12.74,692.28
260,20180425,689.0,683.02,690.97,689.88,1.09,692.0
261,20180424,676.0,675.0,689.88,674.01,15.87,693.5
262,20180423,666.01,666.01,674.01,670.26,3.75,680.33
263,20180420,681.0,668.23,670.26,679.96,-9.7,694.0
264,20180419,659.85,656.66,679.96,655.64,24.32,680.0
265,20180418,671.0,645.0,655.64,666.2,-10.56,671.0
266,20180417,685.0,665.6,666.2,681.38,-15.18,685.38
267,20180416,680.58,677.0,681.38,686.86,-5.48,686.85
268,20180413,698.5,685.08,686.86,694.2,-7.34,701.0
269,20180412,704.0,692.22,694.2,705.36,-11.16,706.88
270,20180411,710.0,703.02,705.36,708.02,-2.66,714.78
271,20180410,704.8,698.46,708.02,698.3,9.72,708.5
272,20180409,697.1,690.15,698.3,694.01,4.29,705.43
273,20180404,682.0,680.38,694.01,677.91,16.1,700.43
274,20180403,678.0,675.39,677.91,680.06,-2.15,687.0
275,20180402,680.0,674.11,680.06,683.62,-3.56,691.0
276,20180330,686.0,679.88,683.62,689.1,-5.48,693.5
277,20180329,682.2,658.41,689.1,682.05,7.05,697.85
278,20180328,699.97,669.0,682.05,714.74,-32.69,703.0
279,20180327,723.0,704.0,714.74,713.49,1.25,725.88
280,20180326,708.0,701.88,713.49,711.06,2.43,715.06
281,20180323,701.0,700.08,711.06,726.08,-15.02,723.49
282,20180322,744.0,724.01,726.08,742.0,-15.92,748.0
283,20180321,750.11,740.0,742.0,747.73,-5.73,753.11
284,20180320,750.0,740.0,747.73,753.48,-5.75,752.0
285,20180319,743.97,739.0,753.48,739.85,13.63,753.99
286,20180316,747.6,738.88,739.85,746.47,-6.62,753.98
287,20180315,728.02,728.02,746.47,726.88,19.59,747.0
288,20180314,709.67,707.22,726.88,710.35,16.53,728.08
289,20180313,723.0,710.0,710.35,723.95,-13.6,726.6
290,20180312,729.55,722.77,723.95,728.2,-4.25,733.92
291,20180309,727.55,723.5,728.2,722.76,5.44,732.57
292,20180308,714.0,708.0,722.76,710.04,12.72,724.0
293,20180307,715.0,708.99,710.04,718.26,-8.22,724.0
294,20180306,725.0,697.13,718.26,720.11,-1.85,727.6
295,20180305,738.18,717.03,720.11,736.41,-16.3,742.0
296,20180302,738.0,730.0,736.41,741.97,-5.56,743.56
297,20180301,728.0,723.77,741.97,725.62,16.35,746.85
298,20180228,732.0,719.0,725.62,737.98,-12.36,742.3
299,20180227,749.0,737.22,737.98,743.51,-5.53,756.0
300,20180226,746.88,733.02,743.51,742.48,1.03,752.05
301,20180223,747.0,737.0,742.48,742.45,0.03,756.56
302,20180222,727.3,723.24,742.45,718.45,24.0,744.0
303,20180214,720.0,712.22,718.45,711.98,6.47,720.0
304,20180213,705.02,704.5,711.98,697.48,14.5,714.82
305,20180212,691.0,685.2,697.48,683.43,14.05,705.5
306,20180209,680.0,658.0,683.43,700.99,-17.56,689.89
307,20180208,682.2,682.2,700.99,683.43,17.56,718.0
308,20180207,720.0,682.01,683.43,708.86,-25.43,723.88
309,20180206,703.0,703.0,708.86,718.23,-9.37,722.6
310,20180205,727.22,705.6,718.23,740.4,-22.17,729.96
311,20180202,752.22,725.0,740.4,757.73,-17.33,753.23
312,20180201,767.0,752.92,757.73,764.54,-6.81,767.3
313,20180131,739.0,739.0,764.54,742.08,22.46,771.71
314,20180130,736.0,730.02,742.08,736.32,5.76,748.77
315,20180129,778.76,735.0,736.32,777.22,-40.9,779.67
316,20180126,767.24,764.0,777.22,769.16,8.06,777.4
317,20180125,761.0,751.0,769.16,764.46,4.7,776.0
318,20180124,776.44,758.6,764.46,773.78,-9.32,776.46
319,20180123,777.81,768.6,773.78,773.64,0.14,780.0
320,20180122,751.81,751.81,773.64,750.18,23.46,774.0
321,20180119,752.9,739.02,750.18,750.74,-0.56,758.9
322,20180118,747.93,744.09,750.74,747.93,2.81,765.0
323,20180117,770.0,738.51,747.93,772.94,-25.01,774.0
324,20180116,780.48,768.0,772.94,785.37,-12.43,788.61
325,20180115,793.46,779.02,785.37,788.42,-3.05,799.06
326,20180112,773.77,767.02,788.42,774.81,13.61,788.8
327,20180111,787.0,772.0,774.81,785.71,-10.9,788.0
328,20180110,785.0,773.48,785.71,782.52,3.19,788.88
329,20180109,752.21,752.21,782.52,752.13,30.39,783.0
330,20180108,735.02,735.02,752.13,738.36,13.77,756.5
331,20180105,741.0,728.22,738.36,737.07,1.29,746.03
332,20180104,721.4,719.33,737.07,715.86,21.21,743.5
333,20180103,701.5,699.74,715.86,703.85,12.01,721.4
334,20180102,700.0,689.89,703.85,697.49,6.36,710.16
335,20171229,718.0,691.6,697.49,718.69,-21.2,726.5
336,20171228,687.0,671.32,718.69,664.18,54.51,719.9
337,20171227,684.86,662.5,664.18,680.81,-16.63,684.86
338,20171226,688.18,676.5,680.81,688.12,-7.31,692.99
339,20171225,686.0,683.72,688.12,682.92,5.2,696.3
340,20171222,680.0,677.01,682.92,681.74,1.18,685.9
341,20171221,683.0,675.5,681.74,684.91,-3.17,687.42
342,20171220,669.9,664.03,684.91,667.09,17.82,686.86
343,20171219,663.0,661.0,667.09,665.77,1.32,672.44
344,20171218,660.0,658.58,665.77,653.79,11.98,669.8
345,20171215,664.0,650.78,653.79,664.55,-10.76,667.95
346,20171214,669.98,660.5,664.55,668.21,-3.66,671.3
347,20171213,654.99,650.72,668.21,651.32,16.89,670.0
348,20171212,658.7,651.02,651.32,650.99,0.33,658.77
349,20171211,631.0,631.0,650.99,627.28,23.71,651.95
350,20171208,615.42,615.42,627.28,616.69,10.59,628.85
351,20171207,624.95,615.26,616.69,625.01,-8.32,624.99
352,20171206,631.5,620.0,625.01,632.96,-7.95,644.1
353,20171205,634.0,630.13,632.96,637.79,-4.83,647.4
354,20171204,623.95,616.72,637.79,622.35,15.44,644.1
355,20171201,638.01,620.13,622.35,631.0,-8.65,638.99
356,20171130,635.51,626.0,631.0,638.12,-7.12,648.48
357,20171129,649.94,634.01,638.12,648.23,-10.11,651.97
358,20171128,625.06,624.0,648.23,621.29,26.94,648.88
359,20171127,634.0,613.01,621.29,630.04,-8.75,636.33
360,20171124,635.9,622.23,630.04,633.73,-3.69,642.5
361,20171123,642.0,630.22,633.73,650.52,-16.79,646.0
362,20171122,677.0,650.0,650.52,677.25,-26.73,688.0
363,20171121,669.0,662.02,677.25,679.15,-1.9,688.8
364,20171120,676.8,660.0,679.15,690.25,-11.1,685.6
365,20171117,696.0,677.77,690.25,719.11,-28.86,709.0
366,20171116,686.01,686.01,719.11,688.08,31.03,719.96
367,20171115,678.75,674.0,688.08,678.75,9.33,689.99
368,20171114,687.14,677.35,678.75,687.88,-9.13,687.22
369,20171113,680.0,675.8,687.88,677.95,9.93,692.78
370,20171110,650.43,650.43,677.95,650.07,27.88,683.4
371,20171109,648.0,644.61,650.07,650.38,-0.31,654.15
372,20171108,642.33,642.33,650.38,642.07,8.31,654.5
373,20171107,650.58,638.18,642.07,653.06,-10.99,657.15
374,20171106,641.5,640.2,653.06,639.17,13.89,657.62
375,20171103,628.65,628.65,639.17,626.92,12.25,643.44
376,20171102,626.95,621.0,626.92,623.01,3.91,629.78
377,20171101,620.88,619.22,623.01,618.03,4.98,631.54
378,20171031,622.01,611.88,618.03,622.08,-4.05,627.6
379,20171030,643.05,621.0,622.08,649.63,-27.55,644.0
380,20171027,602.11,600.03,649.63,605.09,44.54,655.0
381,20171026,605.0,591.91,605.09,565.67,39.42,613.0
382,20171025,569.75,562.06,565.67,567.33,-1.66,571.68
383,20171024,572.0,563.61,567.33,573.41,-6.08,573.8
384,20171023,574.92,568.0,573.41,574.33,-0.92,580.5
385,20171020,581.0,571.76,574.33,582.6,-8.27,581.0
386,20171019,561.0,560.72,582.6,560.72,21.88,585.15
387,20171018,554.2,554.2,560.72,556.73,3.99,562.59
388,20171017,560.97,554.0,556.73,560.69,-3.96,560.97
389,20171016,559.99,555.87,560.69,556.15,4.54,566.66
390,20171013,545.0,542.01,556.15,544.09,12.06,556.6
391,20171012,545.0,540.18,544.09,545.54,-1.45,547.5
392,20171011,538.1,538.1,545.54,540.06,5.48,551.25
393,20171010,527.05,527.01,540.06,527.77,12.29,540.49
394,20171009,524.54,520.1,527.77,517.64,10.13,535.55
395,20170929,516.0,515.5,517.64,518.46,-0.82,525.88
396,20170928,507.2,507.15,518.46,508.21,10.25,520.2
397,20170927,508.92,506.07,508.21,509.29,-1.08,511.03
398,20170926,506.69,503.6,509.29,507.24,2.05,510.0
399,20170925,500.31,500.3,507.24,499.93,7.31,508.2
400,20170922,496.9,495.8,499.93,498.77,1.16,500.18
401,20170921,495.94,492.88,498.77,496.2,2.57,500.58
402,20170920,496.9,496.0,496.2,496.95,-0.75,500.02
403,20170919,500.3,496.01,496.95,498.97,-2.02,502.5
404,20170918,490.14,490.14,498.97,489.84,9.13,500.5
405,20170915,492.5,488.0,489.84,490.71,-0.87,492.5
406,20170914,492.99,488.99,490.71,491.63,-0.92,494.03
407,20170913,485.0,481.38,491.63,484.91,6.72,492.2
408,20170912,479.5,478.4,484.91,478.32,6.59,486.0
409,20170911,471.09,469.98,478.32,474.37,3.95,482.22
410,20170908,478.25,474.0,474.37,481.27,-6.9,480.5
411,20170907,485.31,480.06,481.27,484.98,-3.71,486.9
412,20170906,490.0,484.84,484.98,489.99,-5.01,492.77
413,20170905,492.88,489.5,489.99,492.42,-2.43,493.99
414,20170904,495.18,491.27,492.42,495.18,-2.76,496.66
415,20170901,490.2,490.03,495.18,491.15,4.03,496.28
416,20170831,494.04,489.8,491.15,492.97,-1.82,494.88
417,20170830,489.7,489.16,492.97,489.44,3.53,493.75
418,20170829,493.02,488.01,489.44,492.04,-2.6,494.88
419,20170828,493.0,491.03,492.04,492.99,-0.95,497.29
420,20170825,493.45,489.32,492.99,492.81,0.18,494.25
421,20170824,493.99,492.02,492.81,494.01,-1.2,496.4
422,20170823,485.45,484.32,494.01,487.22,6.79,494.63
423,20170822,487.4,476.0,487.22,489.73,-2.51,489.48
424,20170821,488.0,486.94,489.73,489.65,0.08,494.4
425,20170818,492.8,488.0,489.65,492.69,-3.04,494.44
426,20170817,497.6,489.8,492.69,496.49,-3.8,497.6
427,20170816,498.0,493.0,496.49,495.97,0.52,498.8
428,20170815,500.11,495.01,495.97,499.83,-3.86,501.1
429,20170814,485.21,485.21,499.83,484.06,15.77,500.1
430,20170811,489.0,483.48,484.06,491.63,-7.57,496.55
431,20170810,491.09,489.0,491.63,490.85,0.78,499.6
432,20170809,484.84,482.03,490.85,482.58,8.27,492.98
433,20170808,482.0,479.5,482.58,481.56,1.02,484.22
434,20170807,472.5,471.13,481.56,473.64,7.92,482.4
435,20170804,477.0,472.6,473.64,477.22,-3.58,478.98
436,20170803,483.68,475.63,477.22,482.84,-5.62,486.85
437,20170802,480.04,478.51,482.84,480.24,2.6,484.88
438,20170801,481.0,477.4,480.24,481.22,-0.98,483.0
439,20170731,484.0,481.0,481.22,483.92,-2.7,487.96
440,20170728,471.0,467.71,483.92,473.87,10.05,484.07
441,20170727,471.63,471.1,473.87,471.63,2.24,475.85
442,20170726,478.05,466.56,471.63,477.96,-6.33,481.63
443,20170725,482.2,476.1,477.96,477.8,0.16,482.8
444,20170724,474.88,474.88,477.8,473.2,4.6,485.35
445,20170721,466.96,463.66,473.2,466.47,6.73,475.01
446,20170720,455.86,455.86,466.47,456.86,9.61,466.89
447,20170719,454.0,452.8,456.86,452.55,4.31,463.62
448,20170718,451.99,448.0,452.55,450.07,2.48,453.99
449,20170717,457.04,446.28,450.07,456.41,-6.34,458.04
450,20170714,456.25,453.05,456.41,456.16,0.25,458.76
451,20170713,455.35,453.68,456.16,457.47,-1.31,461.91
452,20170712,465.8,455.0,457.47,463.13,-5.66,465.99
453,20170711,454.5,454.0,463.13,454.47,8.66,464.58
454,20170710,446.88,442.97,454.47,445.97,8.5,454.9
455,20170707,451.05,441.2,445.97,449.19,-3.22,451.1
456,20170706,458.11,450.6,455.98,460.13,-4.15,460.2
457,20170705,453.01,453.01,460.13,451.92,8.21,460.33
458,20170704,458.96,449.0,451.92,460.37,-8.45,460.0
459,20170703,474.2,457.9,460.37,471.85,-11.48,474.2
460,20170630,471.51,467.8,471.85,473.01,-1.16,474.16
461,20170629,476.3,470.0,473.01,475.3,-2.29,477.35
462,20170628,484.09,473.0,475.3,484.1,-8.8,484.09
463,20170627,482.82,480.85,484.1,484.68,-0.58,485.0
464,20170626,473.01,472.0,484.68,472.73,11.95,485.0
465,20170623,472.86,468.33,472.73,472.75,-0.02,474.88
466,20170622,473.02,471.2,472.75,472.71,0.04,477.93
467,20170621,469.55,466.03,472.71,466.3,6.41,473.0
468,20170620,473.0,465.66,466.3,470.17,-3.87,474.88
469,20170619,461.96,461.96,470.17,462.63,7.54,470.39
470,20170616,461.5,461.26,462.63,464.3,-1.67,467.49
471,20170615,475.0,464.0,464.3,474.39,-10.09,475.48
472,20170614,472.79,470.48,474.39,473.04,1.35,477.5
473,20170613,473.05,467.0,473.04,472.88,0.16,474.5
474,20170612,467.0,465.0,472.88,465.74,7.14,475.44
475,20170609,464.24,463.0,465.74,464.31,1.43,470.8
476,20170608,461.32,458.5,464.31,459.37,4.94,464.4
477,20170607,449.12,449.12,459.37,448.82,10.55,460.0
478,20170606,444.97,444.2,448.82,444.41,4.41,449.0
479,20170605,448.04,442.35,444.41,447.31,-2.9,449.0
480,20170602,450.0,445.6,447.31,449.28,-1.97,450.95
481,20170601,442.5,441.01,449.28,442.94,6.34,449.95
482,20170531,450.0,440.11,442.94,451.92,-8.98,450.5
483,20170526,450.82,448.0,451.92,450.6,1.32,455.6
484,20170525,448.71,447.5,450.6,450.32,0.28,452.96
485,20170524,452.9,446.0,450.32,454.2,-3.88,456.48
486,20170523,442.25,442.25,454.2,441.78,12.42,454.47
487,20170522,439.04,436.2,441.78,440.82,0.96,446.01
488,20170519,429.57,429.57,440.82,429.54,11.28,441.8
489,20170518,425.05,425.01,429.54,426.6,2.94,430.7
490,20170517,429.0,424.88,426.6,430.12,-3.52,430.19
491,20170516,419.6,418.26,430.12,419.55,10.57,431.22
492,20170515,413.12,413.12,419.55,413.47,6.08,420.35
493,20170512,413.59,410.01,413.47,412.16,1.31,415.3
494,20170511,408.4,406.51,412.16,410.09,2.07,414.7
495,20170510,408.4,407.02,410.09,408.76,1.33,414.44
496,20170509,404.44,398.0,408.76,405.48,3.28,409.88
497,20170508,416.18,404.72,405.48,416.19,-10.71,417.0
498,20170505,416.2,415.1,416.19,416.0,0.19,422.78
499,20170504,414.63,414.63,416.0,417.61,-1.61,418.48
500,20170503,411.0,411.0,417.61,412.08,5.53,417.66
501,20170502,411.6,409.18,412.08,413.48,-1.4,415.0
502,20170428,421.99,409.9,413.48,421.44,-7.96,423.0
503,20170427,415.53,410.43,421.44,417.96,3.48,421.97
504,20170426,418.85,413.01,417.96,418.89,-0.93,428.68
505,20170425,404.8,404.8,418.89,398.55,20.34,420.17
506,20170424,400.62,389.0,398.55,400.53,-1.98,405.0
507,20170421,415.0,400.0,400.53,415.31,-14.78,415.6
508,20170420,406.09,406.09,415.31,405.74,9.57,420.43
509,20170419,403.0,402.86,405.74,404.65,1.09,409.1
510,20170418,394.6,394.6,404.65,395.79,8.86,406.55
511,20170417,391.0,388.55,395.79,395.45,0.34,398.28
512,20170414,399.43,395.0,395.45,398.39,-2.94,399.88
513,20170413,390.78,390.51,398.39,390.23,8.16,398.59
514,20170412,385.29,384.8,390.23,385.29,4.94,391.0
515,20170411,388.05,380.6,385.29,389.2,-3.91,390.7
516,20170410,394.0,388.0,389.2,392.87,-3.67,394.0
517,20170407,392.99,389.6,392.87,391.91,0.96,394.0
518,20170406,389.01,386.63,391.91,389.66,2.25,393.0
519,20170405,385.66,385.0,389.66,386.36,3.3,394.99
520,20170331,386.2,384.18,386.36,386.14,0.22,388.0
521,20170330,383.0,382.6,386.14,383.65,2.49,386.89
522,20170329,381.01,379.9,383.65,380.26,3.39,385.8
523,20170328,379.95,376.66,380.26,378.82,1.44,381.15
524,20170327,386.03,378.39,378.82,386.82,-8.0,389.26
525,20170324,392.32,385.0,386.82,389.79,-2.97,393.22
526,20170323,392.03,386.6,389.79,394.48,-4.69,393.99
527,20170322,390.53,385.0,394.48,394.01,0.47,394.6
528,20170321,386.55,386.5,394.01,386.41,7.6,396.5
529,20170320,380.5,378.88,386.41,378.48,7.93,386.71
530,20170317,373.1,373.1,378.48,374.77,3.71,384.45
531,20170316,376.56,372.8,374.77,374.68,0.09,378.3
532,20170315,369.5,369.01,374.68,369.5,5.18,375.15
533,20170314,371.55,368.34,369.5,371.55,-2.05,373.85
534,20170313,370.05,367.53,371.55,369.85,1.7,374.33
535,20170310,369.92,368.36,369.85,369.9,-0.05,377.0
536,20170309,367.0,365.56,369.9,367.28,2.62,369.98
537,20170308,367.18,365.5,367.28,367.2,0.08,368.49
538,20170307,358.03,358.03,367.2,358.96,8.24,368.88
539,20170306,357.66,356.55,358.96,356.54,2.42,359.54
540,20170303,355.0,355.0,356.54,356.82,-0.28,358.22
541,20170302,356.71,354.53,356.82,356.61,0.21,357.0
542,20170301,355.1,355.0,356.61,354.66,1.95,358.2
543,20170228,357.0,353.58,354.66,357.2,-2.54,359.2
544,20170227,362.49,356.8,357.2,362.62,-5.42,362.85
545,20170224,362.0,360.05,362.62,361.7,0.92,362.89
546,20170223,360.97,359.76,361.7,361.89,-0.19,365.48
547,20170222,360.61,360.0,361.89,358.74,3.15,366.52
548,20170221,361.88,357.18,358.74,361.29,-2.55,362.43
549,20170220,350.41,350.01,361.29,350.56,10.73,362.32
550,20170217,348.9,347.5,350.56,348.09,2.47,354.44
551,20170216,348.5,345.51,348.09,348.53,-0.44,348.62
552,20170215,351.5,347.2,348.53,350.21,-1.68,352.44
553,20170214,349.54,349.1,350.21,349.75,0.46,352.6
554,20170213,344.0,341.92,349.75,345.08,4.67,351.9
555,20170210,348.62,345.0,345.08,347.61,-2.53,349.82
556,20170209,345.0,344.61,347.61,344.21,3.4,348.79
557,20170208,343.76,342.67,344.21,343.58,0.63,345.5
558,20170207,346.84,343.14,343.58,346.85,-3.27,347.4
559,20170206,348.49,344.96,346.85,346.85,0.0,348.89
560,20170203,346.0,345.0,346.85,344.42,2.43,349.18
561,20170126,348.14,341.3,344.42,347.63,-3.21,348.8
562,20170125,349.98,346.2,347.63,350.31,-2.68,349.98
563,20170124,351.27,346.75,350.31,351.22,-0.91,352.8
564,20170123,356.88,349.46,351.22,354.99,-3.77,359.8
565,20170120,354.9,353.03,354.99,354.72,0.27,357.4
566,20170119,355.0,351.7,354.72,355.08,-0.36,358.48
567,20170118,348.88,347.21,355.08,349.13,5.95,356.77
568,20170117,342.6,342.0,349.13,341.47,7.66,351.5
569,20170116,344.13,338.8,341.47,344.87,-3.4,344.8
570,20170113,346.98,343.88,344.87,347.05,-2.18,347.39
571,20170112,346.55,344.51,347.05,345.45,1.6,347.4
572,20170111,348.0,343.5,345.45,349.0,-3.55,348.0
573,20170110,348.45,346.6,349.0,348.51,0.49,352.0
574,20170109,347.8,346.54,348.51,350.76,-2.25,352.88
575,20170106,346.64,346.1,350.76,346.74,4.02,359.78
576,20170105,350.0,345.44,346.74,351.91,-5.17,351.45
577,20170104,334.62,334.6,351.91,334.56,17.35,352.17
578,20170103,334.28,332.81,334.56,334.15,0.41,337.0
579,20161230,326.61,326.61,334.15,327.31,6.84,335.29
580,20161229,324.0,323.0,327.31,323.72,3.59,327.87
581,20161228,326.99,323.33,323.72,326.16,-2.44,328.0
582,20161227,324.51,323.5,326.16,324.48,1.68,328.8
583,20161226,319.03,316.2,324.48,320.03,4.45,324.99
584,20161223,323.55,319.13,320.03,325.2,-5.17,324.5
585,20161222,328.0,324.88,325.2,328.66,-3.46,328.46
586,20161221,326.9,323.56,328.66,326.48,2.18,329.29
587,20161220,326.04,321.81,326.48,325.96,0.52,327.0
588,20161219,326.0,325.61,325.96,327.58,-1.62,334.37
589,20161216,327.0,323.58,327.58,328.05,-0.47,329.88
590,20161215,332.46,325.58,328.05,332.27,-4.22,332.99
591,20161214,333.0,328.5,332.27,333.01,-0.74,334.07
592,20161213,326.84,325.5,333.01,326.86,6.15,335.0
593,20161212,337.7,325.7,326.86,337.76,-10.9,340.0
594,20161209,337.2,334.02,337.76,337.71,0.05,339.42
595,20161208,328.01,327.0,337.71,327.45,10.26,340.0
596,20161207,327.12,323.97,327.45,326.42,1.03,328.5
597,20161206,316.23,316.23,326.42,315.93,10.49,326.58
598,20161205,319.2,315.82,315.93,321.77,-5.84,324.54
599,20161202,321.0,319.0,321.77,321.02,0.75,323.2
600,20161201,320.0,318.68,321.02,319.08,1.94,324.59
601,20161130,321.22,318.45,319.08,323.96,-4.88,323.3
602,20161129,320.7,319.41,323.96,319.5,4.46,330.45
603,20161128,317.55,316.6,319.5,316.89,2.61,320.18
604,20161125,317.04,313.42,316.89,316.93,-0.04,318.0
605,20161124,313.2,311.42,316.93,312.95,3.98,317.0
606,20161123,311.0,309.11,312.95,308.87,4.08,313.0
607,20161122,310.3,308.37,308.87,309.5,-0.63,310.45
608,20161121,311.02,308.37,309.5,310.0,-0.5,311.66
609,20161118,311.16,309.88,310.0,311.04,-1.04,311.8
610,20161117,312.08,310.53,311.04,313.15,-2.11,313.0
611,20161116,313.81,312.0,313.15,314.01,-0.86,315.4
612,20161115,310.03,310.03,314.01,310.99,3.02,315.65
613,20161114,315.55,309.99,310.99,315.08,-4.09,315.87
614,20161111,317.99,314.8,315.08,319.13,-4.05,318.3
615,20161110,319.1,317.73,319.13,316.81,2.32,321.0
616,20161109,320.0,313.8,316.81,320.0,-3.19,321.97
617,20161108,316.5,315.68,320.0,315.33,4.67,322.18
618,20161107,315.0,313.2,315.33,314.82,0.51,317.0
619,20161104,315.99,313.98,314.82,315.86,-1.04,318.25
620,20161103,315.0,314.15,315.86,315.18,0.68,316.46
621,20161102,316.09,313.68,315.18,316.68,-1.5,317.16
622,20161101,317.95,315.55,316.68,317.95,-1.27,319.0
623,20161031,319.0,316.8,317.95,317.05,0.9,322.8
624,20161028,317.5,314.0,317.05,316.87,0.18,318.43
625,20161027,312.99,311.01,316.87,313.68,3.19,318.22
626,20161026,313.0,311.65,313.68,312.94,0.74,318.31
627,20161025,307.39,307.39,312.94,306.93,6.01,313.0
628,20161024,302.6,302.6,306.93,304.19,2.74,307.0
629,20161021,305.08,302.59,304.19,305.48,-1.29,305.48
630,20161020,307.39,304.8,305.48,306.45,-0.97,307.39
631,20161019,308.5,305.1,306.45,307.16,-0.71,308.75
632,20161018,302.5,302.0,307.16,302.45,4.71,308.5
633,20161017,305.45,301.5,302.45,305.6,-3.15,305.5
634,20161014,303.47,303.2,305.6,303.89,1.71,306.0
635,20161013,306.8,303.51,303.89,305.82,-1.93,306.94
636,20161012,308.5,304.9,305.82,308.92,-3.1,308.5
637,20161011,304.0,303.0,308.92,302.96,5.96,309.0
638,20161010,298.51,298.51,302.96,297.91,5.05,303.86
639,20160930,290.0,290.0,297.91,290.98,6.93,299.63
640,20160929,287.85,287.85,290.98,288.41,2.57,293.0
641,20160928,291.79,287.56,288.41,291.17,-2.76,291.79
642,20160927,288.88,288.76,291.17,288.73,2.44,291.98
643,20160926,297.0,288.55,288.73,297.68,-8.95,297.01
644,20160923,297.02,295.4,297.68,296.98,0.7,298.95
645,20160922,294.3,294.01,296.98,294.05,2.93,299.98
646,20160921,295.06,289.11,294.05,294.96,-0.91,295.39
647,20160920,300.78,294.0,294.96,300.13,-5.17,300.8
648,20160919,300.05,299.88,300.13,299.57,0.56,301.57
649,20160914,300.1,298.01,299.57,300.43,-0.86,302.2
650,20160913,299.95,299.3,300.43,298.06,2.37,300.97
651,20160912,302.0,297.77,298.06,304.63,-6.57,304.0
652,20160909,306.65,304.0,304.63,305.82,-1.19,306.86
653,20160908,305.21,304.41,305.82,306.6,-0.78,306.5
654,20160907,309.68,305.5,306.6,309.94,-3.34,309.68
655,20160906,308.5,308.35,309.94,308.5,1.44,310.36
656,20160905,306.2,305.81,308.5,305.78,2.72,309.0
657,20160902,308.0,304.88,305.78,308.71,-2.93,309.45
658,20160901,309.7,308.25,308.71,310.19,-1.48,312.0
659,20160831,306.7,305.54,310.19,305.86,4.33,310.76
660,20160830,307.0,304.67,305.86,307.53,-1.67,308.5
661,20160829,308.0,305.2,307.53,301.45,6.08,308.8
662,20160826,303.14,300.4,301.45,303.01,-1.56,304.55
663,20160825,305.2,300.07,303.01,305.28,-2.27,305.38
664,20160824,307.02,303.83,305.28,306.88,-1.6,307.49
665,20160823,307.33,305.8,306.88,307.32,-0.44,309.04
666,20160822,306.13,306.0,307.32,306.48,0.84,309.58
667,20160819,305.8,304.8,306.48,306.43,0.05,307.45
668,20160818,307.95,305.13,306.43,308.16,-1.73,309.65
669,20160817,309.6,306.5,308.16,309.52,-1.36,310.97
670,20160816,322.0,308.0,309.52,318.78,-9.26,322.48
671,20160815,315.8,314.15,318.78,316.97,1.81,321.69
672,20160812,317.4,314.01,316.97,316.77,0.2,317.4
673,20160811,314.38,314.01,316.77,313.81,2.96,321.57
674,20160810,315.05,313.33,313.81,315.75,-1.94,316.5
675,20160809,308.17,306.42,315.75,308.1,7.65,317.67
676,20160808,306.15,303.06,308.1,305.93,2.17,308.3
677,20160805,306.49,305.03,305.93,306.3,-0.37,308.37
678,20160804,306.85,304.22,306.3,306.82,-0.52,308.33
679,20160803,307.0,304.15,306.82,306.21,0.61,307.9
680,20160802,307.25,302.85,306.21,306.96,-0.75,310.5
681,20160801,313.0,305.0,306.96,313.15,-6.19,313.95
682,20160729,315.08,313.0,313.15,316.05,-2.9,318.88
683,20160728,312.0,311.5,316.05,314.01,2.04,319.3
684,20160727,319.85,308.3,314.01,319.04,-5.03,320.6
685,20160726,309.01,308.5,319.04,311.26,7.78,319.5
686,20160725,307.6,307.0,311.26,307.92,3.34,314.19
687,20160722,312.9,307.38,307.92,314.38,-6.46,315.2
688,20160721,310.15,309.0,314.38,308.56,5.82,317.6
689,20160720,308.62,307.5,308.56,308.11,0.45,310.87
690,20160719,315.5,305.55,308.11,316.21,-8.1,316.3
691,20160718,317.5,315.66,316.21,317.52,-1.31,319.5
692,20160715,317.12,315.06,317.52,317.09,0.43,318.03
693,20160714,316.09,315.2,317.09,317.19,-0.1,320.8
694,20160713,323.03,315.05,317.19,324.73,-7.54,324.73
695,20160712,315.76,315.0,324.73,315.14,9.59,326.6
696,20160711,309.03,309.03,315.14,309.91,5.23,324.0
697,20160708,313.53,306.16,309.91,316.91,-7.0,315.5
698,20160707,315.8,312.08,316.91,317.19,-0.28,326.8
699,20160706,299.8,299.01,317.19,300.58,16.61,318.0
700,20160705,295.03,295.03,300.58,293.9,6.68,303.1
701,20160704,287.0,286.0,293.9,286.17,7.73,295.4
702,20160701,287.2,284.0,286.17,285.75,0.42,291.88
703,20160630,290.02,290.02,291.92,288.18,3.74,298.2
704,20160629,287.55,284.2,288.18,288.21,-0.03,289.45
705,20160628,287.02,286.32,288.21,287.68,0.53,289.66
706,20160627,275.0,275.0,287.68,273.77,13.91,292.3
707,20160624,275.28,267.2,273.77,276.44,-2.67,277.0
708,20160623,279.97,274.88,276.44,278.44,-2.0,279.97
709,20160622,273.77,272.77,278.44,273.81,4.63,279.36
710,20160621,277.04,273.0,273.81,276.11,-2.3,277.94
711,20160620,279.77,274.0,276.11,278.26,-2.15,279.86
712,20160617,273.6,273.6,278.26,274.02,4.24,282.49
713,20160616,274.86,273.78,274.02,276.49,-2.47,277.8
714,20160615,270.71,270.21,276.49,272.75,3.74,277.8
715,20160614,267.71,267.71,272.75,267.06,5.69,273.8
716,20160613,273.35,266.25,267.06,274.28,-7.22,276.66
717,20160608,276.4,273.5,274.28,277.85,-3.57,277.86
718,20160607,276.5,275.01,277.85,276.05,1.8,278.49
719,20160606,282.0,275.0,276.05,283.89,-7.84,283.0
720,20160603,267.0,266.4,283.89,267.74,16.15,286.74
721,20160602,263.01,263.01,267.74,263.79,3.95,268.68
722,20160601,265.4,263.0,263.79,264.47,-0.68,265.5
723,20160531,256.0,255.2,264.47,256.13,8.34,266.62
724,20160530,251.5,250.0,256.13,252.44,3.69,256.5
725,20160527,252.72,251.38,252.44,252.71,-0.27,254.69
726,20160526,251.99,249.2,252.71,251.86,0.85,253.8
727,20160525,254.48,251.01,251.86,251.94,-0.08,254.94
728,20160524,254.41,250.1,251.94,254.2,-2.26,255.21
729,20160523,249.72,249.72,254.2,251.26,2.94,254.99
730,20160520,246.84,244.32,251.26,245.77,5.49,252.18
731,20160519,245.16,244.5,245.77,244.44,1.33,248.5
732,20160518,249.08,243.1,244.44,250.03,-5.59,251.85
733,20160517,251.01,249.83,250.03,251.63,-1.6,252.4
734,20160516,250.86,247.3,251.63,250.96,0.67,251.8
735,20160513,255.98,250.5,250.96,255.96,-5.0,258.9
736,20160512,254.02,252.0,255.96,256.87,-0.91,256.56
737,20160511,252.35,252.35,256.87,252.08,4.79,260.48
738,20160510,249.5,249.11,252.08,250.82,1.26,254.0
739,20160509,250.13,249.01,250.82,252.22,-1.4,252.8
740,20160506,257.31,251.12,252.22,257.77,-5.55,258.52
741,20160505,256.5,255.5,257.77,256.21,1.56,258.15
742,20160504,260.0,255.99,256.21,260.0,-3.79,262.39
743,20160503,250.55,250.55,260.0,251.2,8.8,262.28
744,20160429,247.39,247.39,251.2,246.44,4.76,252.43
745,20160428,245.83,244.0,246.44,244.88,1.56,246.74
746,20160427,244.5,243.49,244.88,243.86,1.02,245.48
747,20160426,244.95,243.0,243.86,244.52,-0.66,246.88
748,20160425,247.12,243.3,244.52,247.4,-2.88,248.1
749,20160422,241.0,240.37,247.4,240.37,7.03,247.88
750,20160421,240.5,238.3,240.37,238.44,1.93,242.3
751,20160420,243.19,235.8,238.44,243.18,-4.74,244.4
752,20160419,244.59,241.45,243.18,243.68,-0.5,245.19
753,20160418,242.8,242.5,243.68,244.9,-1.22,246.0
754,20160415,242.64,241.2,244.9,242.76,2.14,244.98
755,20160414,242.38,241.0,242.76,242.24,0.52,244.83
756,20160413,245.4,241.7,242.24,244.92,-2.68,248.63
757,20160412,243.7,242.1,244.92,243.72,1.2,245.0
758,20160411,250.5,243.5,243.72,249.86,-6.14,255.18
759,20160408,252.0,248.2,249.86,254.11,-4.25,255.89
760,20160407,256.89,252.62,254.11,257.21,-3.1,257.48
761,20160406,245.8,245.8,257.21,245.52,11.69,257.6
762,20160405,243.0,243.0,245.52,245.09,0.43,247.5
763,20160401,248.95,244.54,245.09,247.64,-2.55,250.49
764,20160331,249.84,246.99,247.64,248.66,-1.02,250.3
765,20160330,249.0,245.48,248.66,248.11,0.55,250.4
766,20160329,249.6,244.44,248.11,249.58,-1.47,251.0
767,20160328,244.98,244.98,249.58,244.98,4.6,253.38
768,20160325,242.5,241.02,244.98,242.66,2.32,249.79
769,20160324,235.0,231.3,242.66,234.97,7.69,245.4
770,20160323,235.2,232.68,234.97,234.49,0.48,237.0
771,20160322,232.26,231.5,234.49,231.98,2.51,238.18
772,20160321,226.66,226.65,231.98,226.0,5.98,232.02
773,20160318,232.0,225.78,226.0,229.56,-3.56,232.26
774,20160317,230.0,228.3,229.56,228.61,0.95,234.1
775,20160316,230.22,225.0,228.61,231.92,-3.31,232.5
776,20160315,224.8,224.34,231.92,224.57,7.35,234.39
777,20160314,230.76,222.2,224.57,228.05,-3.48,233.5
778,20160311,226.54,225.5,228.05,228.06,-0.01,231.88
779,20160310,228.99,228.0,228.06,227.44,0.62,233.7
780,20160309,227.0,226.1,227.44,229.21,-1.77,232.65
781,20160308,233.3,227.0,229.21,233.64,-4.43,233.3
782,20160307,238.11,231.05,233.64,238.78,-5.14,240.0
783,20160304,226.88,225.01,238.78,227.81,10.97,240.16
784,20160303,225.0,221.66,227.81,224.22,3.59,231.98
785,20160302,219.0,218.67,224.22,218.42,5.8,225.5
786,20160301,215.96,210.4,218.42,214.91,3.51,220.3
787,20160229,218.99,206.8,214.91,216.84,-1.93,220.88
788,20160226,213.1,211.26,216.84,212.41,4.43,219.25
789,20160225,218.8,212.13,212.41,217.74,-5.33,220.48
790,20160224,212.2,211.01,217.74,212.41,5.33,218.03
791,20160223,207.77,207.02,212.41,207.8,4.61,214.98
792,20160222,206.0,206.0,207.8,203.11,4.69,208.32
793,20160219,201.62,201.13,203.11,201.71,1.4,203.18
794,20160218,203.2,201.1,201.71,202.3,-0.59,203.6
795,20160217,203.74,200.51,202.3,203.92,-1.62,204.92
796,20160216,200.56,200.56,203.92,200.41,3.51,208.0
797,20160215,200.0,199.6,200.41,203.87,-3.46,203.0
798,20160205,204.99,202.53,203.87,204.99,-1.12,205.18
799,20160204,204.8,203.54,204.99,203.66,1.33,205.88
800,20160203,202.58,201.5,203.66,204.55,-0.89,204.56
801,20160202,202.0,200.64,204.55,201.29,3.26,204.8
802,20160201,202.1,199.89,201.29,200.65,0.64,202.8
803,20160129,197.48,197.0,200.65,196.64,4.01,202.5
804,20160128,199.75,195.62,196.64,199.93,-3.29,199.75
805,20160127,199.98,195.7,199.93,199.01,0.92,200.89
806,20160126,200.99,198.5,199.01,202.77,-3.76,204.47
807,20160125,203.0,201.5,202.77,202.74,0.03,203.49
808,20160122,203.11,198.81,202.74,200.26,2.48,203.4
809,20160121,201.26,199.9,200.26,202.32,-2.06,204.59
810,20160120,207.0,201.01,202.32,210.24,-7.92,210.16
811,20160119,201.0,200.01,210.24,199.43,10.81,210.33
812,20160118,198.0,197.2,199.43,199.0,0.43,202.4
813,20160115,204.75,198.0,199.0,204.82,-5.82,206.18
814,20160114,197.11,195.51,204.82,199.78,5.04,205.98
815,20160113,199.1,198.6,199.78,196.79,2.99,206.0
816,20160112,201.1,196.0,196.79,199.86,-3.07,202.1
817,20160111,203.16,199.4,199.86,204.63,-4.77,203.79
818,20160108,204.17,200.0,204.63,202.23,2.4,208.0
819,20160107,208.99,200.03,202.23,212.18,-9.95,208.99
820,20160106,212.78,209.3,212.18,212.82,-0.64,213.66
821,20160105,210.0,207.51,212.82,210.02,2.8,213.97
822,20160104,218.0,209.99,210.02,218.19,-8.17,218.0
823,20151231,218.22,217.82,218.19,218.86,-0.67,219.5
824,20151230,220.18,217.52,218.86,219.83,-0.97,220.66
825,20151229,218.62,218.51,219.83,219.12,0.71,220.44
826,20151228,225.48,219.0,219.12,224.5,-5.38,226.0
827,20151225,225.0,222.88,224.5,224.78,-0.28,225.66
828,20151224,223.98,223.2,224.78,223.0,1.78,225.68
829,20151223,225.45,222.7,223.0,225.03,-2.03,226.69
830,20151222,226.8,223.28,225.03,227.03,-2.0,226.8
831,20151221,218.0,218.0,227.03,216.88,10.15,229.18
832,20151218,215.5,215.11,216.88,215.86,1.02,219.15
833,20151217,214.39,214.0,215.86,213.91,1.95,216.88
834,20151216,214.41,212.59,213.91,214.51,-0.6,214.64
835,20151215,213.8,212.08,214.51,214.1,0.41,214.59
836,20151214,210.19,209.0,214.1,211.41,2.69,214.88
837,20151211,212.5,210.5,211.41,212.96,-1.55,212.5
838,20151210,215.0,211.99,212.96,214.47,-1.51,216.2
839,20151209,211.58,211.5,214.47,211.94,2.53,215.05
840,20151208,214.55,211.46,211.94,214.51,-2.57,214.55
841,20151207,215.0,213.2,214.51,215.31,-0.8,216.98
842,20151204,219.96,215.01,215.31,220.2,-4.89,219.96
843,20151203,219.0,216.7,220.2,221.58,-1.38,221.4
844,20151202,214.48,212.0,221.58,213.8,7.78,227.0
845,20151201,213.0,211.0,213.8,214.31,-0.51,213.95
846,20151130,208.04,207.79,214.31,207.74,6.57,214.78
847,20151127,212.49,206.63,207.74,212.84,-5.1,212.54
848,20151126,213.49,211.83,212.84,212.98,-0.14,213.79
849,20151125,211.7,210.4,212.98,211.69,1.29,213.0
850,20151124,212.39,210.0,211.69,212.62,-0.93,213.28
851,20151123,213.0,212.51,212.62,213.72,-1.1,213.84
852,20151120,215.14,213.1,213.72,215.03,-1.31,215.78
853,20151119,214.0,213.9,215.03,214.66,0.37,216.0
854,20151118,213.59,213.59,214.66,214.36,0.3,216.0
855,20151117,214.72,213.14,214.36,213.78,0.58,217.5
856,20151116,212.5,212.0,213.78,215.11,-1.33,216.5
857,20151113,218.1,214.83,215.11,220.01,-4.9,219.5
858,20151112,220.23,219.38,220.01,220.15,-0.14,223.0
859,20151111,222.01,218.6,220.15,222.38,-2.23,223.0
860,20151110,220.0,219.16,222.38,220.83,1.55,224.12
861,20151109,222.0,219.0,220.83,218.42,2.41,224.66
862,20151106,217.35,215.56,218.42,216.56,1.86,218.6
863,20151105,214.6,213.5,216.56,214.98,1.58,223.28
864,20151104,210.58,210.11,214.98,209.71,5.27,216.0
865,20151103,212.92,208.4,209.71,212.56,-2.85,215.76
866,20151102,214.6,212.5,212.56,213.86,-1.3,215.86
867,20151030,212.95,212.12,213.86,213.0,0.86,215.8
868,20151029,212.0,212.0,213.0,212.44,0.56,214.79
869,20151028,214.99,211.9,212.44,215.25,-2.81,214.99
870,20151027,217.1,212.58,215.25,217.73,-2.48,217.68
871,20151026,212.0,208.0,217.73,210.98,6.75,218.3
872,20151023,205.8,205.55,210.98,202.53,8.45,217.6
873,20151022,200.24,199.43,202.53,200.31,2.22,202.73
874,20151021,202.08,197.01,200.31,201.97,-1.66,202.55
875,20151020,202.02,201.18,201.97,202.72,-0.75,202.88
876,20151019,204.94,201.9,202.72,200.74,1.98,204.94
877,20151016,201.22,199.41,200.74,199.99,0.75,202.4
878,20151015,198.16,197.56,199.99,197.83,2.16,200.37
879,20151014,198.98,197.01,197.83,198.74,-0.91,199.5
880,20151013,198.09,198.09,198.74,198.09,0.65,200.09
881,20151012,199.0,197.85,198.09,196.95,1.14,204.49
882,20151009,198.78,196.5,196.95,197.52,-0.57,198.9
883,20151008,198.78,197.0,197.52,190.31,7.21,201.58
884,20150930,190.23,190.17,190.31,190.17,0.14,191.48
885,20150929,189.55,188.3,190.17,191.38,-1.21,191.37
886,20150928,191.48,189.23,191.38,193.46,-2.08,192.3
887,20150925,193.99,189.5,193.46,194.0,-0.54,194.9
888,20150924,195.8,192.8,194.0,194.72,-0.72,196.28
889,20150923,197.15,194.1,194.72,199.27,-4.55,198.99
890,20150922,200.77,198.98,199.27,199.3,-0.03,201.18
891,20150921,198.01,198.0,199.3,199.43,-0.13,200.7
892,20150918,198.6,198.0,199.43,198.0,1.43,200.89
893,20150917,202.6,197.61,198.0,204.55,-6.55,205.8
894,20150916,200.01,197.73,204.55,202.0,2.55,209.54
895,20150915,198.01,195.12,202.0,202.53,-0.53,202.02
896,20150914,192.43,187.9,202.53,192.91,9.62,202.8
897,20150911,191.88,191.05,192.91,193.21,-0.3,194.1
898,20150910,190.38,189.14,193.21,191.86,1.35,193.3
899,20150909,190.14,190.14,191.86,189.32,2.54,193.87
900,20150908,188.46,185.0,189.32,188.71,0.61,190.47
901,20150907,192.6,188.65,188.71,194.61,-5.9,194.0
902,20150902,190.11,189.2,194.61,194.37,0.24,195.0
903,20150901,191.82,188.0,194.37,195.37,-1.0,195.0
904,20150831,189.34,185.18,195.37,192.65,2.72,195.5
905,20150828,195.0,187.13,192.65,197.07,-4.42,195.29
906,20150827,190.0,184.89,197.07,183.88,13.19,199.9
907,20150826,176.76,175.0,183.88,176.59,7.29,188.5
908,20150825,167.46,166.2,176.59,169.64,6.95,182.51
909,20150824,181.0,168.2,169.64,186.33,-16.69,181.5
910,20150821,191.52,186.12,186.33,195.07,-8.74,194.86
911,20150820,200.83,194.9,195.07,201.62,-6.55,201.0
912,20150819,199.75,198.18,201.62,201.06,0.56,202.16
913,20150818,206.98,200.35,201.06,206.22,-5.16,207.5
914,20150817,208.02,204.0,206.22,209.98,-3.76,208.82
915,20150814,210.5,209.25,209.98,209.51,0.47,211.4
916,20150813,211.5,206.0,209.51,209.47,0.04,211.5
917,20150812,209.99,208.75,209.47,210.75,-1.28,214.29
918,20150811,212.3,210.01,210.75,212.3,-1.55,212.41
919,20150810,207.01,205.13,212.3,206.93,5.37,213.0
920,20150807,207.49,205.6,206.93,204.96,1.97,208.6
921,20150806,206.23,203.0,204.96,207.19,-2.23,207.5
922,20150805,212.93,206.94,207.19,211.97,-4.78,213.85
923,20150804,209.26,209.26,211.97,209.56,2.41,213.98
924,20150803,205.0,203.0,209.56,206.83,2.73,209.99
925,20150731,206.7,203.0,206.83,205.96,0.87,206.93
926,20150730,208.83,205.1,205.96,207.74,-1.78,208.83
927,20150729,207.78,202.13,207.74,205.83,1.91,210.0
928,20150728,199.86,197.48,205.83,201.52,4.31,209.44
929,20150727,217.0,201.0,201.52,219.21,-17.69,221.3
930,20150724,220.5,218.75,219.21,219.54,-0.33,223.69
931,20150723,217.99,215.77,219.54,217.13,2.41,220.6
932,20150722,220.0,216.58,217.13,221.66,-4.53,222.0
933,20150721,221.75,220.0,221.66,225.11,-3.45,224.2
934,20150720,227.15,222.5,225.11,228.29,-3.18,227.9
935,20150717,229.0,224.74,228.29,224.74,3.55,229.99
936,20150716,251.26,248.26,251.59,251.26,0.33,254.18
937,20150715,247.5,243.28,251.26,249.05,2.21,252.7
938,20150714,255.0,247.2,249.05,257.75,-8.7,255.18
939,20150713,258.0,251.0,257.75,265.59,-7.84,265.58
940,20150710,257.0,251.96,265.59,257.94,7.65,283.0
941,20150709,236.86,233.0,257.94,236.86,21.08,260.41
942,20150708,229.0,219.76,236.86,244.18,-7.32,244.99
943,20150707,250.0,239.5,244.18,254.04,-9.86,256.58
944,20150706,267.95,239.5,254.04,249.81,4.23,267.99
945,20150703,255.0,242.2,249.81,260.3,-10.49,260.5
946,20150702,255.3,245.01,260.3,257.49,2.81,282.6
947,20150701,255.0,250.98,257.49,257.65,-0.16,268.5
948,20150630,246.64,246.0,257.65,246.64,11.01,259.82
949,20150629,248.37,227.8,246.64,242.45,4.19,256.5
950,20150626,250.02,235.3,242.45,251.79,-9.34,255.75
951,20150625,261.5,250.21,251.79,261.21,-9.42,262.03
952,20150624,250.0,247.65,261.21,252.25,8.96,265.2
953,20150623,239.8,234.13,252.25,235.31,16.94,255.85
954,20150619,245.87,234.02,235.31,243.97,-8.66,248.49
955,20150618,253.02,240.6,243.97,255.09,-11.12,254.8
956,20150617,253.96,249.0,255.09,253.95,1.14,257.76
957,20150616,259.0,252.5,253.95,260.89,-6.94,265.8
958,20150615,266.98,260.08,260.89,266.0,-5.11,272.0
959,20150612,262.12,261.0,266.0,260.06,5.94,273.0
960,20150611,260.0,257.77,260.06,261.05,-0.99,264.5
961,20150610,255.64,253.8,261.05,259.03,2.02,266.88
962,20150609,265.0,256.5,259.03,264.64,-5.61,269.8
963,20150608,251.51,249.8,264.64,253.84,10.8,267.54
964,20150605,258.11,246.0,253.84,258.21,-4.37,262.1
965,20150604,262.98,240.0,258.21,262.79,-4.58,265.0
966,20150603,265.18,260.01,262.79,266.62,-3.83,266.62
967,20150602,270.5,260.66,266.62,271.46,-4.84,270.5
968,20150601,263.94,259.8,271.46,263.83,7.63,272.98
969,20150529,260.01,259.89,263.83,261.11,2.72,269.0
970,20150528,275.25,260.1,261.11,276.9,-15.79,281.0
971,20150527,285.52,273.0,276.9,285.54,-8.64,289.32
972,20150526,286.6,283.96,285.54,286.83,-1.29,290.0
973,20150525,270.0,269.0,286.83,275.86,10.97,288.49
974,20150522,259.68,259.59,275.86,258.59,17.27,276.8
975,20150521,256.0,254.01,258.59,253.95,4.64,261.3
976,20150520,252.0,249.3,253.95,250.04,3.91,260.0
977,20150519,241.05,240.2,250.04,241.14,8.9,250.22
978,20150518,245.0,240.1,241.14,245.17,-4.03,245.0
979,20150515,251.41,241.61,245.17,251.41,-6.24,253.49
980,20150514,256.25,251.22,251.41,256.4,-4.99,259.5
981,20150513,253.8,252.5,256.4,254.42,1.98,262.97
982,20150512,257.2,252.0,254.42,257.44,-3.02,257.2
983,20150511,251.5,250.0,257.44,254.17,3.27,257.99
984,20150508,246.12,245.9,254.17,244.93,9.24,254.88
985,20150507,245.0,242.56,244.93,242.68,2.25,251.88
986,20150506,243.98,240.01,242.68,240.95,1.73,246.99
987,20150505,252.0,239.88,240.95,254.97,-14.02,252.0
988,20150504,252.66,250.02,254.97,252.23,2.74,259.0
989,20150430,251.15,247.75,252.23,249.78,2.45,254.9
990,20150429,246.1,246.1,249.78,247.89,1.89,253.0
991,20150428,254.0,247.05,247.89,255.79,-7.9,258.6
992,20150427,257.58,252.99,255.79,258.49,-2.7,267.8
993,20150424,251.88,245.01,258.49,256.04,2.45,259.68
994,20150423,264.0,252.98,256.04,263.89,-7.85,264.17
995,20150422,268.8,257.11,263.89,257.43,6.46,269.0
996,20150421,240.0,240.0,257.43,234.03,23.4,257.43
997,20150420,230.0,229.0,234.03,232.56,1.47,245.7
998,20150417,238.9,228.28,232.56,226.27,6.29,248.7
999,20150416,208.55,207.83,226.27,205.7,20.57,226.27
1000,20150415,209.1,204.16,205.7,206.0,-0.3,209.78
1001,20150414,204.0,203.96,206.0,203.9,2.1,209.28
1002,20150413,201.55,198.94,203.9,200.22,3.68,204.49
1003,20150410,199.99,199.61,200.22,200.0,0.22,202.99
1004,20150409,204.48,199.05,200.0,204.5,-4.5,205.88
1005,20150408,202.5,201.59,204.5,200.67,3.83,210.68
1006,20150407,196.85,195.8,200.67,196.81,3.86,201.08
1007,20150403,194.0,192.78,196.81,194.58,2.23,197.01
1008,20150402,195.96,192.88,194.58,195.34,-0.76,197.6
1009,20150401,196.03,194.48,195.34,195.96,-0.62,197.56
1010,20150331,196.68,194.02,195.96,196.77,-0.81,200.77
1011,20150330,194.68,193.1,196.77,194.55,2.22,198.95
1012,20150327,198.0,192.95,194.55,198.56,-4.01,198.56
1013,20150326,193.55,192.0,198.56,192.78,5.78,199.9
1014,20150325,193.0,192.06,192.78,195.69,-2.91,195.1
1015,20150324,195.3,192.1,195.69,195.08,0.61,197.44
1016,20150323,194.67,193.2,195.08,193.15,1.93,196.75
1017,20150320,194.2,190.88,193.15,195.28,-2.13,194.99
1018,20150319,198.54,194.06,195.28,199.45,-4.17,198.99
1019,20150318,196.8,195.52,199.45,196.77,2.68,199.99
1020,20150317,194.99,194.89,196.77,193.76,3.01,198.69
1021,20150316,190.06,187.01,193.76,189.91,3.85,194.5
1022,20150313,192.7,188.58,189.91,192.75,-2.84,193.9
1023,20150312,193.0,191.4,192.75,191.98,0.77,195.99
1024,20150311,187.83,187.8,191.98,187.83,4.15,193.0
1025,20150310,190.94,187.28,187.83,191.56,-3.73,191.5
1026,20150309,185.8,183.8,191.56,183.62,7.94,192.99
1027,20150306,185.35,183.27,183.62,185.52,-1.9,186.48
1028,20150305,185.01,184.05,185.52,187.19,-1.67,187.03
1029,20150304,186.99,184.6,187.19,185.95,1.24,188.01
1030,20150303,189.3,185.16,185.95,190.73,-4.78,192.0
1031,20150302,190.8,189.0,190.73,191.05,-0.32,193.8
1032,20150227,186.9,186.8,191.05,186.64,4.41,194.5
1033,20150226,183.8,183.55,186.64,183.96,2.68,188.39
1034,20150225,183.0,181.11,183.96,182.22,1.74,185.7
1035,20150217,183.55,181.91,182.22,183.31,-1.09,183.89
1036,20150216,182.54,181.22,183.31,182.49,0.82,183.63
1037,20150213,184.11,181.4,182.49,183.57,-1.08,184.5
1038,20150212,183.99,182.01,183.57,183.15,0.42,184.49
1039,20150211,182.4,182.08,183.15,182.88,0.27,184.25
1040,20150210,184.8,181.45,182.88,184.3,-1.42,185.2
1041,20150209,175.77,175.0,184.3,174.6,9.7,185.1
1042,20150206,174.64,173.6,174.6,174.05,0.55,176.5
1043,20150205,178.97,174.0,174.05,177.25,-3.2,180.9
1044,20150204,179.15,177.0,177.25,178.37,-1.12,182.08
1045,20150203,177.48,176.2,178.37,174.82,3.55,178.65
1046,20150202,175.51,173.5,174.82,177.18,-2.36,176.4
1047,20150130,176.99,176.5,177.18,176.15,1.03,181.0
1048,20150129,176.2,175.0,176.15,177.47,-1.32,178.0
1049,20150128,179.0,177.3,177.47,180.11,-2.64,180.4
1050,20150127,182.82,178.0,180.11,182.8,-2.69,182.82
1051,20150126,181.7,181.05,182.8,181.02,1.78,183.5
1052,20150123,180.12,180.11,181.02,181.23,-0.21,183.28
1053,20150122,182.37,180.0,181.23,182.36,-1.13,184.36
1054,20150121,178.27,177.2,182.36,178.08,4.28,182.9
1055,20150120,176.02,173.0,178.08,175.48,2.6,180.5
1056,20150119,181.0,171.47,175.48,186.11,-10.63,183.2
1057,20150116,186.2,185.98,186.11,186.07,0.04,188.0
1058,20150115,183.89,182.48,186.07,183.18,2.89,186.4
1059,20150114,185.0,180.88,183.18,184.88,-1.7,186.5
1060,20150113,187.0,184.6,184.88,186.43,-1.55,188.54
1061,20150112,190.0,184.46,186.43,190.31,-3.88,192.59
1062,20150109,190.4,190.11,190.31,191.76,-1.45,195.77
1063,20150108,194.0,190.14,191.76,192.94,-1.18,194.52
1064,20150107,196.04,189.99,192.94,197.83,-4.89,199.5
1065,20150106,200.0,196.02,197.83,202.52,-4.69,202.56
1066,20150105,189.62,188.69,202.52,189.62,12.9,204.24
